reservations,deposits,expected,received,note
R1001,TXN50017,1367.70,1367.70,
R1004 + R1005,TXN50034,1391.95,1391.95,
R1002,TXN50051,1653.60,1653.60,
R1006,TXN50068,940.90,940.90,
R1003,TXN50085,425.87,425.87,
R1007,TXN50102,746.90,746.90,
R1009,TXN50119,674.15,674.15,
R1008 + R1011,TXN50136,2429.13,2429.13,
R1013,TXN50153,1552.00,1552.00,
R1012,TXN50204,1070.60,1070.60,
R1015,TXN50221,780.09,780.09,
R1018,TXN50238,785.70,785.72,"Within rounding: expected 785.70, received 785.72 (diff 0.02)"
R1017,TXN50255,477.00,477.00,
R1019,TXN50272,1532.60,1532.60,
R1021,TXN50289,955.45,955.45,
R1023,TXN50306,712.95,712.95,
R1024,TXN50323,712.95,712.95,
R1020,TXN50340,436.94,436.94,
R1022,TXN50357,1440.45,1440.45,
R1014,TXN50187 + TXN50374,543.20,543.20,"Refund 155.00: deposit 693.55 + adjustment -150.35 nets 543.20 as expected, but each leg is off by 4.65 (channel appears to have netted its fee on the refund); net agrees"
