transaction_id,date,amount,description
TXN50017,2026-08-29,1367.70,AIRBNB PAYMENTS G-8F2K1
TXN50034,2026-09-05,1391.95,AIRBNB PAYMENTS G-3QW7P
TXN50051,2026-09-06,1653.60,HOMEAWAY VRBO PMT HA-1002
TXN50068,2026-09-06,940.90,AIRBNB PAYMENTS G-9ZL4M
TXN50085,2026-09-07,425.87,GUESTYPAY SETTLEMENT 0907
TXN50102,2026-09-07,746.90,AIRBNB PAYMENTS G-1RT6B
TXN50119,2026-09-10,674.15,AIRBNB PAYMENTS G-7HX2N
TXN50136,2026-09-14,2429.13,GUESTYPAY SETTLEMENT 0914
TXN50153,2026-09-16,1552.00,AIRBNB PAYMENTS G-5CV8D
TXN50170,2026-09-16,1552.00,AIRBNB PAYMENTS G-5CV8D
TXN50391,2026-09-16,450.00,ZELLE FROM K OKAFOR
TXN50187,2026-09-17,693.55,AIRBNB PAYMENTS G-2MK9S
TXN50204,2026-09-18,1070.60,HOMEAWAY VRBO PMT HA-1012
TXN50221,2026-09-21,780.09,GUESTYPAY SETTLEMENT 0921
TXN50238,2026-09-21,785.72,AIRBNB PAYMENTS G-6PJ3Q
TXN50255,2026-09-22,477.00,HOMEAWAY VRBO PMT HA-1017
TXN50374,2026-09-22,-150.35,AIRBNB PAYMENTS ADJ G-RF0922
TXN50272,2026-09-23,1532.60,AIRBNB PAYMENTS G-4YB1W
TXN50289,2026-09-25,955.45,AIRBNB PAYMENTS G-0NE5T
TXN50306,2026-09-26,712.95,AIRBNB PAYMENTS G-8LA3R
TXN50323,2026-09-27,712.95,AIRBNB PAYMENTS G-3KD7V
TXN50340,2026-09-28,436.94,GUESTYPAY SETTLEMENT 0928
TXN50357,2026-09-28,1440.45,AIRBNB PAYMENTS G-9WQ2C
