reservation_id,listing_id,listing_name,channel,channel_confirmation,guest_name,check_in,check_out,nights,nightly_rate,accommodation_total,cleaning_fee,taxes_collected,taxes_remitted_by,platform_fee,status,refund_amount
R1001,L001,Silver Lake Bungalow,airbnb,HM1001X,J. Alvarez,2026-08-28,2026-09-03,6,210.00,1260.00,150.00,197.40,channel,42.30,confirmed,0.00
R1002,L002,Venice Canal Loft,vrbo,HA-1002,K. Nakamura,2026-09-01,2026-09-05,4,340.00,1360.00,200.00,218.40,company,124.80,confirmed,0.00
R1003,L003,Echo Park Studio,direct,VILA-1003,S. Patel,2026-09-02,2026-09-04,2,145.00,290.00,95.00,53.90,company,,confirmed,0.00
R1004,L004,Los Feliz Craftsman,airbnb,HM1004X,M. Rossi,2026-09-04,2026-09-07,3,260.00,780.00,175.00,133.70,channel,28.65,confirmed,0.00
R1005,L005,Mar Vista Cottage,airbnb,HM1005X,A. Chen,2026-09-04,2026-09-06,2,180.00,360.00,120.00,67.20,channel,14.40,confirmed,0.00
R1006,L001,Silver Lake Bungalow,airbnb,HM1006X,B. Okafor,2026-09-05,2026-09-09,4,205.00,820.00,150.00,135.80,channel,29.10,confirmed,0.00
R1007,L006,Highland Park Casita,airbnb,HM1007X,C. Dubois,2026-09-06,2026-09-10,4,165.00,660.00,110.00,107.80,channel,23.10,confirmed,0.00
R1008,L002,Venice Canal Loft,direct,VILA-1008,D. Kim,2026-09-08,2026-09-12,4,330.00,1320.00,200.00,212.80,company,,confirmed,0.00
R1009,L003,Echo Park Studio,airbnb,HM1009X,E. Schultz,2026-09-09,2026-09-13,4,150.00,600.00,95.00,97.30,channel,20.85,confirmed,0.00
R1010,L004,Los Feliz Craftsman,vrbo,HA-1010,F. Haddad,2026-09-11,2026-09-14,3,255.00,765.00,0.00,0.00,company,0.00,cancelled,765.00
R1011,L005,Mar Vista Cottage,direct,VILA-1011,G. Moreno,2026-09-12,2026-09-15,3,185.00,555.00,120.00,94.50,company,,confirmed,0.00
R1012,L001,Silver Lake Bungalow,vrbo,HA-1012,H. Lindqvist,2026-09-13,2026-09-17,4,215.00,860.00,150.00,141.40,company,80.80,confirmed,0.00
R1013,L002,Venice Canal Loft,airbnb,HM1013X,I. Novak,2026-09-15,2026-09-19,4,350.00,1400.00,200.00,224.00,channel,48.00,confirmed,0.00
R1014,L003,Echo Park Studio,airbnb,HM1014X,J. Turner,2026-09-16,2026-09-20,4,155.00,620.00,95.00,78.40,channel,16.80,confirmed,155.00
R1015,L004,Los Feliz Craftsman,direct,VILA-1015,K. Abara,2026-09-17,2026-09-19,2,265.00,530.00,175.00,98.70,company,,confirmed,0.00
R1016,L005,Mar Vista Cottage,vrbo,HA-1016,L. Ferreira,2026-09-18,2026-09-22,4,190.00,760.00,120.00,123.20,company,70.40,confirmed,0.00
R1017,L006,Highland Park Casita,vrbo,HA-1017,M. Singh,2026-09-19,2026-09-21,2,170.00,340.00,110.00,63.00,company,36.00,confirmed,0.00
R1018,L001,Silver Lake Bungalow,airbnb,HM1018X,N. Walsh,2026-09-20,2026-09-23,3,220.00,660.00,150.00,113.40,channel,24.30,confirmed,0.00
R1019,L002,Venice Canal Loft,airbnb,HM1019X,O. Petrov,2026-09-22,2026-09-26,4,345.00,1380.00,200.00,221.20,channel,47.40,confirmed,0.00
R1020,L003,Echo Park Studio,direct,VILA-1020,P. Mensah,2026-09-23,2026-09-25,2,150.00,300.00,95.00,55.30,company,,confirmed,0.00
R1021,L004,Los Feliz Craftsman,airbnb,HM1021X,Q. Larsen,2026-09-24,2026-09-27,3,270.00,810.00,175.00,137.90,channel,29.55,confirmed,0.00
R1022,L005,Mar Vista Cottage,airbnb,HM1022X,R. Yamada,2026-09-27,2026-10-04,7,195.00,1365.00,120.00,207.90,channel,44.55,confirmed,0.00
R1023,L003,Echo Park Studio,airbnb,HM1023X,S. Kowalski,2026-09-25,2026-09-29,4,160.00,640.00,95.00,102.90,channel,22.05,confirmed,0.00
R1024,L001,Silver Lake Bungalow,airbnb,HM1024X,T. Brennan,2026-09-26,2026-09-29,3,195.00,585.00,150.00,102.90,channel,22.05,confirmed,0.00
